{
  "classic": {
    "purple": "#c678dd",
    "error": "#f44747",
    "coral": "#e06c75",
    "whiskey": "#d19a66",
    "chalky": "#E5C07B",
    "lightDark": "#7F848E",
    "dark": "#5C6370",
    "malibu": "#61AFEF",
    "green": "#98c379",
    "fountainBlue": "#56b6c2",
    "invalid": "#FFFFFF",
    "lightWhite": "#bbbbbb"
  },
  "vivid": {
    "purple": "#d55fde",
    "error": "#f44747",
    "coral": "#ef596f",
    "whiskey": "#d19a66",
    "chalky": "#e5c07b",
    "lightDark": "#7F848E",
    "dark": "#5C6370",
    "malibu": "#61AFEF",
    "green": "#89ca78",
    "fountainBlue": "#2bbac5",
    "invalid": "#FFFFFF",
    "lightWhite": "#bbbbbb"
  }
}
