{
  "Menu": {
    "&File": {
      "value": "文件(&F)",
      "submenu": {
        "New &Window": {
          "value": "新建窗口(&W)"
        },
        "&New File": {
          "value": "新建文件(&N)"
        },
        "&Open File...": {
          "value": "打开文件(&O)..."
        },
        "Open Folder...": {
          "value": "打开文件夹..."
        },
        "Add Project Folder...": {
          "value": "添加项目文件夹..."
        },
        "Reopen Project": {
          "value": "最近打开的文件/文件夹",
          "submenu": {
            "Clear Project History": {
              "value": "清除打开记录"
            }
          }
        },
        "Reopen Last &Item": {
          "value": "打开上一个关闭的文件(&I)"
        },
        "Se&ttings": {
          "value": "设置(&T)..."
        },
        "Config...": {
          "value": "用户设置..."
        },
        "Init Script...": {
          "value": "用户启动脚本..."
        },
        "Keymap...": {
          "value": "用户键盘映射..."
        },
        "Snippets...": {
          "value": "用户代码片段..."
        },
        "Stylesheet...": {
          "value": "用户样式设置..."
        },
        "VERSION": {
          "value": "版本"
        },
        "&Save": {
          "value": "保存(&S)"
        },
        "Save &As...": {
          "value": "另存为(&A)..."
        },
        "Save A&ll": {
          "value": "全部保存(&L)"
        },
        "&Close Tab": {
          "value": "关闭标签页(&C)"
        },
        "Close &Pane": {
          "value": "关闭窗格(&P)"
        },
        "Clos&e Window": {
          "value": "关闭窗口(&E)"
        },
        "Quit": {
          "value": "退出(&X)"
        },
        "Close All Tabs": {
          "value": "关闭全部标签页"
        }
      }
    },
    "&Edit": {
      "value": "编辑(&E)",
      "submenu": {
        "&Undo": {
          "value": "撤销(&U)"
        },
        "&Redo": {
          "value": "重复(&R)"
        },
        "Cut": {
          "value": "剪切"
        },
        "Copy": {
          "value": "复制"
        },
        "Copy Pat&h": {
          "value": "复制路径(&H)"
        },
        "&Paste": {
          "value": "粘贴(&P)"
        },
        "Select &All": {
          "value": "全选(&A)"
        },
        "&Toggle Comments": {
          "value": "切换注释(&T)"
        },
        "Lines": {
          "value": "行",
          "submenu": {
            "&Indent": {
              "value": "添加缩进(&I)"
            },
            "&Outdent": {
              "value": "减少缩进(&O)"
            },
            "&Auto Indent": {
              "value": "自动缩进(&A)"
            },
            "Move Line &Up": {
              "value": "向上移动行(&U)"
            },
            "Move Line &Down": {
              "value": "向下移动行(&D)"
            },
            "Du&plicate Lines": {
              "value": "复制行(&P)"
            },
            "D&elete Line": {
              "value": "删除行(&E)"
            },
            "&Join Lines": {
              "value": "合并行(&J)"
            }
          }
        },
        "Columns": {
          "value": "列",
          "submenu": {
            "Move Selection &Left": {
              "value": "左移选择列"
            },
            "Move Selection &Right": {
              "value": "右移选择列"
            }
          }
        },
        "Text": {
          "value": "文本",
          "submenu": {
            "&Upper Case": {
              "value": "转大写(&U)"
            },
            "&Lower Case": {
              "value": "转小写(&L)"
            },
            "Delete to End of &Word": {
              "value": "删除单词末尾(&W)"
            },
            "Delete to Previous Word Boundary": {
              "value": "删除单词前部"
            },
            "Delete to Next Word Boundary": {
              "value": "删除单词到下一个边界"
            },
            "&Delete Line": {
              "value": "删除行(&D)"
            },
            "&Transpose": {
              "value": "前后交换(&T)"
            }
          }
        },
        "Folding": {
          "value": "折叠",
          "submenu": {
            "&Fold": {
              "value": "折叠(&F)"
            },
            "&Unfold": {
              "value": "展开(&U)"
            },
            "Unfold &All": {
              "value": "展开所有(&A)"
            },
            "Fol&d All": {
              "value": "折叠所有(&D)"
            },
            "Fold Level 1": {
              "value": "展开一层"
            },
            "Fold Level 2": {
              "value": "展开两层"
            },
            "Fold Level 3": {
              "value": "展开三层"
            },
            "Fold Level 4": {
              "value": "展开四层"
            },
            "Fold Level 5": {
              "value": "展开五层"
            },
            "Fold Level 6": {
              "value": "展开六层"
            },
            "Fold Level 7": {
              "value": "展开七层"
            },
            "Fold Level 8": {
              "value": "展开八层"
            },
            "Fold Level 9": {
              "value": "展开九层"
            }
          }
        },
        "Reflow Selection": {
          "value": "折叠选中"
        },
        "Bookmark": {
          "value": "书签",
          "submenu": {
            "View All": {
              "value": "显示全部"
            },
            "Toggle Bookmark": {
              "value": "切换书签"
            },
            "Jump to Next Bookmark": {
              "value": "跳转到下一个书签"
            },
            "Jump to Previous Bookmark": {
              "value": "跳转到上一个书签"
            }
          }
        },
        "Select Encoding": {
          "value": "选择编码"
        },
        "Go to Line": {
          "value": "跳转到指定行"
        },
        "Select Grammar": {
          "value": "切换语法"
        },
        "Preferences": {
          "value": "偏好设置"
        },
        "Config...": {
          "value": "配置..."
        },
        "Init Script...": {
          "value": "初始脚本..."
        },
        "Keymap...": {
          "value": "按键映射..."
        },
        "Snippets...": {
          "value": "代码片段..."
        },
        "Stylesheet...": {
          "value": "样式..."
        }
      }
    },
    "&View": {
      "value": "查看(&V)",
      "submenu": {
        "Toggle &Full Screen": {
          "value": "切换全屏(&F)"
        },
        "Toggle Menu Bar": {
          "value": "切换菜单栏"
        },
        "Panes": {
          "value": "窗格",
          "submenu": {
            "Split Up": {
              "value": "窗格拆分 ↑"
            },
            "Split Down": {
              "value": "窗格拆分 ↓"
            },
            "Split Left": {
              "value": "窗格拆分 ←"
            },
            "Split Right": {
              "value": "窗格拆分 →"
            },
            "Focus Next Pane": {
              "value": "焦点移到后一个窗格"
            },
            "Focus Previous Pane": {
              "value": "焦点移到前一个窗格"
            },
            "Focus Pane Above": {
              "value": "焦点移到上面的窗格 ↑"
            },
            "Focus Pane Below": {
              "value": "焦点移到下面的窗格 ↓"
            },
            "Focus Pane On Left": {
              "value": "焦点移到左面的窗格 ←"
            },
            "Focus Pane On Right": {
              "value": "焦点移到右面的窗格 →"
            },
            "Close Pane": {
              "value": "关闭窗格"
            }
          }
        },
        "Developer": {
          "value": "开发",
          "submenu": {
            "Open In &Dev Mode...": {
              "value": "以开发者模式打开(&D)"
            },
            "&Reload Window": {
              "value": "重新加载窗口"
            },
            "Run &Atom Specs": {
              "value": "运行Atom规范(&A)"
            },
            "Run Package &Specs": {
              "value": "运行Package规范(&S)"
            },
            "Run Benchmarks": {
              "value": "运行Benchmarks"
            },
            "Toggle Developer &Tools": {
              "value": "打开开发者工具(&T)"
            }
          }
        },
        "&Increase Font Size": {
          "value": "增大字体 ↑"
        },
        "&Decrease Font Size": {
          "value": "减小字体 ↓"
        },
        "Re&set Font Size": {
          "value": "重置字体"
        },
        "Toggle Soft &Wrap": {
          "value": "切换自动换行(&W)"
        },
        "Toggle Command Palette": {
          "value": "切换命令面板"
        },
        "Toggle Git Tab":{
          "value": "切换Git面板"
        },
        "Toggle GitHub Tab":{
          "value": "切换GitHub面板"
        },
        "Toggle Tree View": {
          "value": "切换目录树"
        }
      }
    },
    "&Selection": {
      "value": "选择(&S)",
      "submenu": {
        "Add Selection &Above": {
          "value": "扩大选择范围 ↑(&A)"
        },
        "Add Selection &Below": {
          "value": "减小选择范围 ↓(&B)"
        },
        "S&plit into Lines": {
          "value": "通过选择划分行(&P)"
        },
        "Single Selection": {
          "value": "解除同时操作状态"
        },
        "Select to &Top": {
          "value": "向上选择到文件头部(&T)"
        },
        "Select to Botto&m": {
          "value": "向下选择到文件尾部(&M)"
        },
        "Select &Line": {
          "value": "选择行(&L)"
        },
        "Select &Word": {
          "value": "选择单词(&W)"
        },
        "Select to Beginning of W&ord": {
          "value": "选择到单词起始(&O)"
        },
        "Select to Beginning of L&ine": {
          "value": "选择到行起始(&I)"
        },
        "Select to First &Character of Line": {
          "value": "选择到行起始的第一个字符(&C)"
        },
        "Select to End of Wor&d": {
          "value": "选择到单词尾部(&D)"
        },
        "Select to End of Lin&e": {
          "value": "选择到单词尾部(&E)"
        },
        "Select Inside Brackets": {
          "value": "选择括号内内容"
        }
      }
    },
    "F&ind": {
      "value": "查找(&I)",
      "submenu": {
        "Find in Buffer": {
          "value": "查找..."
        },
        "Replace in Buffer": {
          "value": "替换..."
        },
        "Select Next": {
          "value": "选择下一个"
        },
        "Select All": {
          "value": "全选"
        },
        "Toggle Find in Buffer": {
          "value": "查找缓冲区"
        },
        "Find in Project": {
          "value": "在项目内查找..."
        },
        "Toggle Find in Project": {
          "value": "切换项目"
        },
        "Find Next": {
          "value": "下一个"
        },
        "Find All": {
          "value": "查找所有"
        },
        "Find Previous": {
          "value": "上一个"
        },
        "Replace Next": {
          "value": "替换下一个"
        },
        "Replace All": {
          "value": "全部替换"
        },
        "Clear History": {
          "value": "清除历史"
        },
        "Find Buffer": {
          "value": "查找缓冲区"
        },
        "Find File": {
          "value": "查找文件"
        },
        "Find Modified File": {
          "value": "查找修改后的文件"
        }
      }
    },
    "&Packages": {
      "value": "扩展(&P)",
      "submenu": {
        "Command Palette": {
          "value": "命令面板",
          "submenu": {
            "Toggle": {
              "value": "开关"
            }
          }
        },
        "Dev Live Reload": {
          "value": "实时加载",
          "submenu": {
            "Reload All Styles": {
              "value": "重新加载所有样式"
            }
          }
        },
        "Bracket Matcher": {
          "value": "括号匹配",
          "submenu": {
            "Go To Matching Bracket": {
              "value": "转到到匹配的括号"
            },
            "Select Inside Brackets": {
              "value": "选中括号里面内容"
            },
            "Remove Brackets From Selection": {
              "value": "删除选中的括号"
            },
            "Close Current Tag": {
              "value": "关闭当前标签"
            },
            "Remove Matching Brackets": {
              "value": "删除匹配的括号"
            }
          }
        },
        "Git Diff": {
          "value": "Git Diff",
          "submenu": {
            "Move to Next Diff": {
              "value": "跳到下个 Diff"
            },
            "Move to Previous Diff": {
              "value": "跳转上个Diff"
            },
            "Toggle Diff List": {
              "value": "打开关闭 Diff 列表"
            }
          }
        },
        "Tree View": {
          "value": "侧边栏",
          "submenu": {
            "Focus": {
              "value": "焦点"
            },
            "Toggle": {
              "value": "开关"
            },
            "Reveal Active File": {
              "value": "显示当前文件"
            },
            "Toggle Tree Side": {
              "value": "打开侧边栏"
            }
          }
        },
        "Settings View": {
          "value": "设置界面",
          "submenu": {
            "Open": {
              "value": "打开"
            },
            "Show Keybindings": {
              "value": "按键绑定"
            },
            "Install Packages/Themes": {
              "value": "安装 Packages/主题"
            },
            "Update Packages/Themes": {
              "value": "更新 Packages/主题"
            },
            "Manage Packages": {
              "value": "管理插件"
            },
            "Manage Themes": {
              "value": "管理主题"
            }
          }
        },
        "Package Generator": {
          "value": "生成 Package",
          "submenu": {
            "Generate Atom Package": {
              "value": "创建Atom Package"
            },
            "Generate Atom Syntax Theme": {
              "value": "创建Atom Syntax 主题"
            }
          }
        },
        "Open On GitHub": {
          "value": "在Github上打开",
          "submenu": {
            "Blame": {
              "value": "Blame"
            },
            "Branch Compare": {
              "value": "分支比较"
            },
            "Copy URL": {
              "value": "复制地址"
            },
            "File": {
              "value": "文件"
            },
            "File on Master": {
              "value": "主分支上 文件"
            },
            "History": {
              "value": "历史"
            },
            "Issues": {
              "value": "问题"
            },
            "Repository": {
              "value": "代码库"
            }
          }
        },
        "Keybinding Resolver": {
          "value": "按键绑定解析",
          "submenu": {
            "Toggle": {
              "value": "开关"
            }
          }
        },
        "Styleguide": {
          "value": "风格指导",
          "submenu": {
            "Show": {
              "value": "显示"
            }
          }
        },
        "Markdown Preview": {
          "value": "Markdown预览",
          "submenu": {
            "Toggle Preview": {
              "value": "显示"
            }
          }
        },
        "Snippets": {
          "value": "代码片段",
          "submenu": {
            "Expand": {
              "value": "扩展"
            },
            "Next Stop": {
              "value": "Next Stop"
            },
            "Preview Stop": {
              "value": "Preview Stop"
            },
            "Available": {
              "value": "可用代码块"
            }
          }
        },
        "Spell Check": {
          "value": "拼写检查",
          "submenu": {
            "Toggle": {
              "value": "开关"
            }
          }
        },
        "Timecop": {
          "value": "Timecop",
          "submenu": {
            "Show": {
              "value": "查看"
            }
          }
        },
        "Symbols": {
          "value": "符号",
          "submenu": {
            "File Symbols": {
              "value": "文件符号"
            },
            "Project Symbols": {
              "value": "项目符号"
            }
          }
        },
        "Whitespace": {
          "value": "空格",
          "submenu": {
            "Remove Trailing Whitespace": {
              "value": "删除尾随空格"
            },
            "Save With Trailing Whitespace": {
              "value": "保留尾随空格"
            },
            "Save Without Trailing Whitespace": {
              "value": "保存不含尾随空格"
            },
            "Convert Tabs To Spaces": {
              "value": "Tab 转换 空格"
            },
            "Convert Spaces To Tabs": {
              "value": "空格 转换 Tab"
            },
            "Convert All Tabs To Spaces": {
              "value": "所有Tab 转换成 空格"
            }
          }
        }
      }
    },
    "&Help": {
      "value": "帮助(&H)",
      "submenu": {
        "View &Terms of Use": {
          "value": "使用条款"
        },
        "View &License": {
          "value": "查看许可"
        },
        "Check for Update": {
          "value": "检查更新"
        },
        "&Documentation": {
          "value": "文档(&D)"
        },
        "Roadmap": {
          "value": "产品路线图"
        },
        "Frequently Asked Questions": {
          "value": "经常问的问题"
        },
        "Community Discussions": {
          "value": "讨论社区"
        },
        "Report Issue": {
          "value": "报告问题"
        },
        "Search Issues": {
          "value": "搜索问题"
        },
        "Release Notes": {
          "value": "发行说明"
        },
        "About Atom": {
          "value": "关于 Atom"
        },
        "Welcome Guide": {
          "value": "起始页"
        }
      }
    }
  }
}
